country,region,league_name,platform,active_url,current_season_name,current_divisions,seasons_available,current_targets_total,current_targets_scraped,current_status,history_targets_total,history_targets_scraped,history_status,overall_status,started_at,finished_at,notes
England,Avon,Bath Table Tennis League,ttleagues,https://bath.ttleagues.com,Bath & District League 2024-25,4,11,4,4,completed,16,16,completed,completed,2026-03-22T12:27:06.200Z,2026-03-22T12:43:25.527Z,Verified against the live TT Leagues competitions and divisions APIs.
England,Avon,Bristol Table Tennis League,ttleagues,https://bristol.ttleagues.com,Senior Winter 2025-26,7,10,7,7,completed,34,34,completed,completed,2026-03-22T12:43:25.532Z,2026-03-22T13:31:06.947Z,Verified against the live TT Leagues competitions and divisions APIs via the secondary website link.
England,Bedfordshire,Bedford Table Tennis League,ttleagues,https://bedford.ttleagues.com,Winter Season 2025-26,4,6,4,4,completed,21,21,completed,completed,2026-03-22T13:31:06.953Z,2026-03-22T13:52:01.672Z,Verified against the live TT Leagues competitions and divisions APIs.
England,Bedfordshire,Luton Table Tennis League,tt365,https://www.tabletennis365.com/luton,Luton TTL 2025-26,1,8,1,1,completed,15,15,completed,completed,2026-03-22T13:52:01.679Z,2026-03-22T13:52:40.270Z,Verified against the live TT365 tables and archive pages.
England,Berkshire,Bracknell and Wokingham Table Tennis League,tt365,https://www.tabletennis365.com/bracknellandwokingham,Season 2025-2026,3,7,3,3,completed,18,18,completed,completed,2026-03-22T13:52:40.272Z,2026-03-22T13:53:46.746Z,Verified against the live TT365 tables and archive pages.
England,Berkshire,Maidenhead Table Tennis League,ttleagues,https://maidenhead.ttleagues.com,Maidenhead Table Tennis League 2019 - 2020,3,10,3,3,completed,9,9,completed,completed,2026-03-22T13:53:46.748Z,2026-03-22T13:59:56.374Z,Verified against the live TT Leagues competitions and divisions APIs.
England,Berkshire,Newbury Table Tennis League,ttleagues,https://newbury.ttleagues.com,Winter League 2025/26,3,19,3,3,completed,12,12,completed,completed,2026-03-22T13:59:56.380Z,2026-03-22T14:03:40.417Z,Verified against the live TT Leagues competitions and divisions APIs.
England,Berkshire,Reading & District Table Tennis Association,tt365,https://www.tabletennis365.com/reading,Senior 2025-26,4,7,4,4,completed,24,24,completed,completed,2026-03-22T14:03:40.421Z,2026-03-22T14:07:58.522Z,Verified against the live TT365 tables and archive pages.
England,Buckinghamshire,Aylesbury Table Tennis League,ttleagues,https://aylesbury.ttleagues.com,Aylesbury Winter League 2025_2026,5,12,5,5,completed,21,21,completed,completed,2026-03-22T14:07:58.523Z,2026-03-22T14:22:50.101Z,Verified against the live TT Leagues competitions and divisions APIs.
England,Buckinghamshire,Chalfonts Table Tennis League,ttleagues,https://chalfonts.ttleagues.com,Winter 2025-26,2,8,2,2,completed,11,11,completed,completed,2026-03-22T14:22:50.109Z,2026-03-22T14:30:20.926Z,Verified against the live TT Leagues competitions and divisions APIs.
England,Buckinghamshire,Chiltern Table Tennis League,ttleagues,https://chiltern.ttleagues.com,Chiltern League 2023-24,2,11,2,2,completed,8,8,completed,completed,2026-03-22T14:30:20.932Z,2026-03-22T14:35:27.564Z,Verified against the live TT Leagues competitions and divisions APIs.
England,Buckinghamshire,High Wycombe Table Tennis League,ttleagues,https://highwycombe.ttleagues.com,High Wycombe & District Table Tennis League 2021-22,4,11,4,4,completed,16,16,completed,completed,2026-03-22T14:35:27.569Z,2026-03-22T14:49:00.835Z,Verified against the live TT Leagues competitions and divisions APIs.
England,Cambridgeshire,Cambridge Table Tennis League,ttleagues,https://cambridge.ttleagues.com,Cambridge Winter League 2022/2023,4,11,4,4,completed,17,17,completed,completed,2026-03-22T14:49:00.839Z,2026-03-22T15:03:50.610Z,Verified against the live TT Leagues competitions and divisions APIs.
England,Cambridgeshire,Ely & District Table Tennis League,ttleagues,https://elydistrict.ttleagues.com,Ely & District League 2019-2020,3,11,3,3,completed,12,12,completed,completed,2026-03-22T15:03:50.612Z,2026-03-22T15:10:13.604Z,Verified against the live TT Leagues competitions and divisions APIs.
England,Cambridgeshire,Peterborough Table Tennis League,ttleagues,https://peterborough.ttleagues.com,Winter 2019-20,4,11,4,4,completed,11,11,completed,completed,2026-03-22T15:10:13.607Z,2026-03-22T15:16:59.328Z,Verified against the live TT Leagues competitions and divisions APIs.
England,Cheshire,Chester and Ellesmere Port Table Tennis League,ttleagues,https://chesterandellesmereport.ttleagues.com,Chester & EP 2025-26 Season,4,7,4,4,completed,18,18,completed,completed,2026-03-22T15:16:59.333Z,2026-03-22T15:27:44.570Z,Verified against the live TT Leagues competitions and divisions APIs.
England,Cheshire,Crewe Table Tennis League,ttleagues,https://crewe.ttleagues.com,2023-24 Open Prelim Rounds,8,26,8,8,completed,16,16,completed,completed,2026-03-22T15:27:44.574Z,2026-03-22T15:32:38.735Z,Verified against the live TT Leagues competitions and divisions APIs.
England,Cheshire,Glossop Table Tennis League,ttleagues,https://glossop.ttleagues.com,Glossop & District TT League 2025/26,3,12,3,3,completed,15,15,completed,completed,2026-03-22T15:32:38.744Z,2026-03-22T15:44:11.272Z,Verified against the live TT Leagues competitions and divisions APIs.
England,Cheshire,Halton Table Tennis League,ttleagues,https://halton.ttleagues.com,Halton Winter League 2022,2,5,2,2,completed,5,5,completed,completed,2026-03-22T15:44:11.279Z,2026-03-22T15:46:02.057Z,Verified against the live TT Leagues competitions and divisions APIs.
England,Cheshire,Mid-Cheshire Table Tennis League,ttleagues,https://midcheshire.ttleagues.com,Mid-Cheshire League 2025-26,2,8,2,2,completed,11,11,completed,completed,2026-03-22T15:46:02.059Z,2026-03-22T15:53:21.740Z,Verified against the live TT Leagues competitions and divisions APIs.
England,Cheshire,Trafford Table Tennis League,ttleagues,https://trafford.ttleagues.com,Winter 2025-26,3,12,3,3,completed,15,15,completed,completed,2026-03-22T15:53:21.746Z,2026-03-22T16:04:04.440Z,Verified against the live TT Leagues competitions and divisions APIs.
England,Cheshire,Wilmslow Table Tennis League,ttleagues,https://wilmslow.ttleagues.com,Divisional Doubles 2025-26,3,15,3,3,completed,15,15,completed,completed,2026-03-22T16:04:04.446Z,2026-03-22T16:14:12.091Z,Verified against the live TT Leagues competitions and divisions APIs.
England,Cheshire,Wirral Table Tennis League,ttleagues,https://wirral.ttleagues.com,Wirral TT League 2025-26,3,8,3,3,completed,14,14,completed,completed,2026-03-22T16:14:12.094Z,2026-03-22T16:25:57.248Z,Verified against the live TT Leagues competitions and divisions APIs.
England,Cheshire|Lancashire,Lancashire And Cheshire Table Tennis League,ttleagues,https://lancashireandcheshire.ttleagues.com,Lancs & Cheshire Open Age 2022 - 23,3,36,3,3,completed,6,6,completed,completed,2026-03-22T16:25:57.256Z,2026-03-22T16:27:29.820Z,Verified against the live TT Leagues competitions and divisions APIs.
England,Cleveland,Cleveland Table Tennis League,ttleagues,https://cleveland.ttleagues.com,Cleveland Table Tennis League 2025,1,7,1,1,completed,3,3,completed,completed,2026-03-22T16:27:29.827Z,2026-03-22T16:29:00.561Z,Verified against the live TT Leagues competitions and divisions APIs.
England,Cleveland,Middlesbrough Table Tennis League,ttleagues,https://middlesbrough.ttleagues.com,Middlesbrough TT League 2019/20,3,10,3,3,completed,6,6,completed,completed,2026-03-22T16:29:00.568Z,2026-03-22T16:33:06.788Z,Verified against the live TT Leagues competitions and divisions APIs.
England,Cleveland,Stockton Table Tennis League,ttleagues,https://stockton.ttleagues.com,stockton winter 25 26,3,11,3,3,completed,13,13,completed,completed,2026-03-22T16:33:06.796Z,2026-03-22T16:44:41.601Z,Verified against the live TT Leagues competitions and divisions APIs.
England,Cornwall,North Cornwall Table Tennis League,tt365,https://www.tabletennis365.com/northcornwall,Winter 2024-25 Division 3,2,8,2,2,completed,16,16,completed,completed,2026-03-22T16:44:41.607Z,2026-03-22T16:45:16.994Z,Verified against the live TT365 tables and archive pages.
England,Cornwall,West Cornwall Table Tennis League,ttleagues,https://westcornwall.ttleagues.com,Winter 2025/26,4,12,4,4,completed,14,14,completed,completed,2026-03-22T16:45:16.997Z,2026-03-22T17:03:40.847Z,Verified against the live TT Leagues competitions and divisions APIs.
England,Cumbria,Barrow Table Tennis League,ttleagues,https://barrow.ttleagues.com,Barrow & District Table Tennis League,2,1,2,2,completed,0,0,not_required,completed,2026-03-22T17:03:40.854Z,2026-03-22T17:05:07.937Z,Verified against the live TT Leagues competitions and divisions APIs.
England,Derbyshire,Chesterfield Table Tennis League,ttleagues,https://chesterfield.ttleagues.com,Chesterfield League,4,6,4,4,completed,6,6,completed,completed,2026-03-22T17:05:07.941Z,2026-03-22T17:11:57.550Z,Verified against the live TT Leagues competitions and divisions APIs.
England,Derbyshire,Derby & District Table Tennis Association,ttleagues,https://derbydistrict.ttleagues.com,2025 / 26,4,9,4,4,completed,21,21,completed,completed,2026-03-22T17:11:57.556Z,2026-03-22T17:25:49.413Z,Verified against the live TT Leagues competitions and divisions APIs.
England,Derbyshire,Matlock Table Tennis League,ttleagues,https://matlock.ttleagues.com,Matlock Winter League 2025-26,2,11,2,2,completed,10,10,completed,completed,2026-03-22T17:25:49.419Z,2026-03-22T17:34:36.930Z,Verified against the live TT Leagues competitions and divisions APIs.
England,Devonshire,Exeter Table Tennis League,ttleagues,https://exeter.ttleagues.com,Exeter & District TTL Autumn 2021,4,13,4,4,completed,14,14,completed,completed,2026-03-22T17:34:36.938Z,2026-03-22T17:46:08.832Z,Verified against the live TT Leagues competitions and divisions APIs.
England,Devonshire,South Devon and Torbay Table Tennis League,ttleagues,https://southdevonandtorbay.ttleagues.com,Winter League 2025-26,4,11,4,4,completed,20,20,completed,completed,2026-03-22T17:46:08.837Z,2026-03-22T17:59:33.410Z,Verified against the live TT Leagues competitions and divisions APIs.
England,Dorset,Blackmore Vale Table Tennis League,ttleagues,https://blackmorevale.ttleagues.com,BVTTL 2025-26,2,3,2,2,completed,2,2,completed,completed,2026-03-22T17:59:33.415Z,2026-03-22T18:01:31.935Z,Verified against the live TT Leagues competitions and divisions APIs.
England,Dorset,Weymouth Table Tennis League,ttleagues,https://weymouth.ttleagues.com,Weymouth & District Winter 2025/26 2nd Half,3,11,3,3,completed,15,15,completed,completed,2026-03-22T18:01:31.942Z,2026-03-22T18:05:33.068Z,Verified against the live TT Leagues competitions and divisions APIs.
England,Durham,Darlington Table Tennis League,ttleagues,https://darlington.ttleagues.com,Darlington Table Tennis league ,2,12,2,2,completed,9,9,completed,completed,2026-03-22T18:05:33.075Z,2026-03-22T18:11:20.118Z,Verified against the live TT Leagues competitions and divisions APIs.
England,Durham,Sunderland Table Tennis League,tt365,https://www.tabletennis365.com/Sunderland,Winter - 24-25,3,7,3,3,completed,18,18,completed,completed,2026-03-22T18:11:20.122Z,2026-03-22T19:21:08.003Z,Verified against the live TT365 tables and archive pages.
England,Essex,Basildon Table Tennis League,tt365,https://www.tabletennis365.com/Basildon,Winter 2025-26,2,7,0,0,not_required,0,0,not_required,partial,2026-03-22T19:21:08.010Z,2026-03-22T19:21:08.014Z,Verified against the live TT365 tables and archive pages.
England,Essex,Becontree Table Tennis League,ttleagues,https://becontree.ttleagues.com,2023/24 Junior Individual Group Stage,6,22,6,6,completed,7,7,completed,completed,2026-03-22T19:21:08.016Z,2026-03-22T19:21:48.697Z,Verified against the live TT Leagues competitions and divisions APIs.
England,Essex,Braintree Table Tennis League,ttleagues,https://braintree.ttleagues.com,Winter 2020,4,14,3,3,completed,14,14,completed,completed,2026-03-22T19:21:48.702Z,2026-03-22T19:35:19.276Z,Verified against the live TT Leagues competitions and divisions APIs.
England,Essex,Brentwood Table Tennis League,ttleagues,https://brentwood.ttleagues.com,Brentwood Table Tennis League,1,1,1,1,completed,0,0,not_required,completed,2026-03-22T19:35:19.283Z,2026-03-22T19:35:21.657Z,Verified against the live TT Leagues competitions and divisions APIs.
England,Essex,Burnham Table Tennis League,tt365,https://www.tabletennis365.com/Burnham,Winter 2025-26,3,7,3,3,completed,20,20,completed,completed,2026-03-22T19:35:21.663Z,2026-03-22T19:41:06.011Z,Verified against the live TT365 tables and archive pages.
England,Essex,Central Essex Summer League,tt365,https://www.tabletennis365.com/centralessex,Summer League 2025,6,7,6,6,completed,38,38,completed,completed,2026-03-22T19:41:06.014Z,2026-03-22T19:42:02.902Z,Verified against the live TT365 tables and archive pages.
England,Essex,Chelmsford Table Tennis League,tt365,https://www.tabletennis365.com/Chelmsford,Winter 2024-25,8,7,8,8,completed,58,58,completed,completed,2026-03-22T19:42:02.906Z,2026-03-22T19:45:10.595Z,Verified against the live TT365 tables and archive pages.
England,Essex,Clacton & District Table Tennis League,ttleagues,https://clactondistrict.ttleagues.com,Clacton Winter 2025/2026,3,12,3,3,completed,15,15,completed,completed,2026-03-22T19:45:10.598Z,2026-03-22T19:56:37.308Z,Verified against the live TT Leagues competitions and divisions APIs.
England,Essex,Colchester Table Tennis League,ttleagues,https://colchester.ttleagues.com,CDTTL 2025-2026,5,11,0,0,not_required,0,0,not_required,partial,2026-03-22T19:56:37.314Z,2026-03-22T19:56:37.316Z,Verified against the live TT Leagues competitions and divisions APIs.
England,Essex,Harlow Table Tennis League,ttleagues,https://harlow.ttleagues.com,Winter 2019-20,3,11,2,2,completed,11,11,completed,completed,2026-03-22T19:56:37.317Z,2026-03-22T20:03:35.738Z,Verified against the live TT Leagues competitions and divisions APIs.
England,Essex,Romford Table Tennis League,ttleagues,https://romford.ttleagues.com,Romford & District Table Tennis League 2025/26,4,13,4,4,completed,18,18,completed,completed,2026-03-22T20:03:35.743Z,2026-03-22T20:17:02.043Z,Verified against the live TT Leagues competitions and divisions APIs.
England,Essex,Waltham Forest Table Tennis League,ttleagues,https://walthamforest.ttleagues.com,1st Division,1,1,1,1,completed,0,0,not_required,completed,2026-03-22T20:17:02.049Z,2026-03-22T20:17:02.246Z,Verified against the live TT Leagues competitions and divisions APIs.
England,Gloucestershire,Cheltenham Table Tennis Association,ttleagues,https://cheltenham.ttleagues.com,Cheltenham Winter League 2025-26 Round 2,4,20,4,4,completed,14,14,completed,completed,2026-03-22T20:17:02.250Z,2026-03-22T20:23:38.966Z,Verified against the live TT Leagues competitions and divisions APIs.
England,Gloucestershire,Cirencester Table Tennis League,ttleagues,https://cirencester.ttleagues.com,Cirencester Table Tennis League,3,18,3,3,completed,13,13,completed,completed,2026-03-22T20:23:38.973Z,2026-03-22T20:31:32.609Z,Verified against the live TT Leagues competitions and divisions APIs.
England,Gloucestershire,Gloucester Table Tennis League,ttleagues,https://gloucester.ttleagues.com,Gloucester Table Tennis League 2025/26,3,8,3,3,completed,16,16,completed,completed,2026-03-22T20:31:32.617Z,2026-03-22T20:44:52.094Z,Verified against the live TT Leagues competitions and divisions APIs.
England,Gloucestershire,Stroud Table Tennis League,ttleagues,https://stroud.ttleagues.com,Stroud Winter League 2025-26,4,11,4,4,completed,17,17,completed,completed,2026-03-22T20:44:52.098Z,2026-03-22T21:03:18.017Z,Verified against the live TT Leagues competitions and divisions APIs.
England,Hampshire,Andover Table Tennis League,ttleagues,https://andover.ttleagues.com,Andover Table Tennis League 2025/2026,2,9,2,2,completed,10,10,completed,completed,2026-03-22T21:03:18.021Z,2026-03-22T21:08:32.773Z,Verified against the live TT Leagues competitions and divisions APIs.
England,Hampshire,Gosport and Fareham Table Tennis League,ttleagues,https://gosportandfareham.ttleagues.com,Gosport and Fareham Table Tennis League 2025-26,2,10,2,2,completed,10,10,completed,completed,2026-03-22T21:08:32.778Z,2026-03-22T21:16:24.867Z,Verified against the live TT Leagues competitions and divisions APIs.
England,Hampshire,Portsmouth Table Tennis League,ttleagues,https://portsmouth.ttleagues.com,Winter 2025/26,4,11,4,4,completed,18,18,completed,completed,2026-03-22T21:16:24.872Z,2026-03-22T21:25:24.108Z,Verified against the live TT Leagues competitions and divisions APIs.
England,Hampshire,South East Hampshire Table Tennis League,ttleagues,https://southeasthampshire.ttleagues.com,South East Hants Summer League 2025,4,7,4,4,completed,8,8,completed,completed,2026-03-22T21:25:24.112Z,2026-03-22T21:25:26.209Z,Verified against the live TT Leagues competitions and divisions APIs.
England,Hampshire,Winchester Table Tennis League,ttleagues,https://winchester.ttleagues.com,Winchester League 2025/26,2,8,2,2,completed,8,8,completed,completed,2026-03-22T21:25:26.212Z,2026-03-22T21:25:30.756Z,Verified against the live TT Leagues competitions and divisions APIs.
England,Herefordshire,Hereford Table Tennis League,ttleagues,https://hereford.ttleagues.com,Hereford League 2025-2026,2,13,2,2,completed,10,10,completed,completed,2026-03-22T21:25:30.758Z,2026-03-22T21:25:38.725Z,Verified against the live TT Leagues competitions and divisions APIs.
England,Hertfordshire,Barnets Table Tennis League,tt365,https://www.tabletennis365.com/barnets,Winter 2025-26,4,7,4,4,completed,26,26,completed,completed,2026-03-22T21:25:38.729Z,2026-03-22T21:34:07.597Z,Verified against the live TT365 tables and archive pages.
England,Hertfordshire,Hemel Hempstead Table Tennis League,tt365,https://www.tabletennis365.com/hemelhempstead,Winter 2025-26,3,7,3,3,completed,20,20,completed,completed,2026-03-22T21:34:07.601Z,2026-03-22T21:36:01.890Z,Verified against the live TT365 tables and archive pages.
England,Hertfordshire,North Herts Table Tennis League,tt365,https://www.tabletennis365.com/northherts,Winter 2025-6,4,7,4,4,completed,26,26,completed,completed,2026-03-22T21:36:01.892Z,2026-03-22T21:42:08.218Z,Verified against the live TT365 tables and archive pages.
England,Hertfordshire,"St Albans, Hatfield & Welwyn Table Tennis League",ttleagues,https://shaw.ttleagues.com,Winter 2019/20,5,11,5,5,completed,20,20,completed,completed,2026-03-22T21:42:08.224Z,2026-03-22T21:42:41.447Z,Verified against the live TT Leagues competitions and divisions APIs.
England,Hertfordshire,Watford Table Tennis League,ttleagues,https://watford.ttleagues.com,Watford Winter league 2019-20,4,1,4,4,completed,0,0,not_required,completed,2026-03-22T21:42:41.451Z,2026-03-22T21:43:07.555Z,Verified against the live TT Leagues competitions and divisions APIs.
England,Isle of Wight,Isle of Wight Table Tennis League,tt365,https://www.tabletennis365.com/isleofwight,Winter League 2025-6,3,8,3,3,completed,10,10,completed,completed,2026-03-22T21:43:07.560Z,2026-03-22T21:45:23.995Z,Verified against the live TT365 tables and archive pages.
England,Kent,Ashford Table Tennis League,ttleagues,https://ashford.ttleagues.com,2020-2021 Winter League Part A,4,38,4,4,completed,9,9,completed,completed,2026-03-22T21:45:23.998Z,2026-03-22T21:45:30.205Z,Verified against the live TT Leagues competitions and divisions APIs.
England,Kent,Bromley Table Tennis League,tt365,https://www.tabletennis365.com/bromley,Winter 2025-2026,3,7,3,3,completed,20,20,completed,completed,2026-03-22T21:45:30.209Z,2026-03-22T21:46:53.793Z,Verified against the live TT365 tables and archive pages.
England,Kent,Folkestone Table Tennis League,ttleagues,https://folkestone.ttleagues.com,Doubles 2025_26,3,7,3,3,completed,12,12,completed,completed,2026-03-22T21:46:53.797Z,2026-03-22T21:47:07.119Z,Verified against the live TT Leagues competitions and divisions APIs.
England,Kent,Gravesend Table Tennis League,ttleagues,https://gravesend.ttleagues.com,Gravesend 202526,2,9,2,2,completed,9,9,completed,completed,2026-03-22T21:47:07.124Z,2026-03-22T21:47:11.433Z,Verified against the live TT Leagues competitions and divisions APIs.
England,Kent,Isle of Thanet Table Tennis League,ttleagues,https://isleofthanet.ttleagues.com,Closed Tournament 2026 - Open Singles Groups,12,64,12,12,completed,6,6,completed,completed,2026-03-22T21:47:11.436Z,2026-03-22T21:47:13.779Z,Verified against the live TT Leagues competitions and divisions APIs.
England,Kent,Maidstone Table Tennis Association,tt365,https://www.tabletennis365.com/Maidstone,Allen Cooper 25-26,4,8,4,4,completed,24,24,completed,completed,2026-03-22T21:47:13.783Z,2026-03-22T21:54:59.547Z,Verified against the live TT365 tables and archive pages.
England,Kent,Medway Towns Table Tennis League,ttleagues,https://medwaytowns.ttleagues.com,Charles Stampe 2025-26 Group Stage,8,4,8,8,completed,6,6,completed,completed,2026-03-22T21:54:59.549Z,2026-03-22T22:01:42.382Z,Verified against the live TT Leagues competitions and divisions APIs.
England,Kent,North West Kent Table Tennis League,tt365,https://www.tabletennis365.com/northwestkent,Winter League 2025-2026,3,7,3,3,completed,15,15,completed,completed,2026-03-22T22:01:42.384Z,2026-03-22T22:21:10.039Z,Verified against the live TT365 tables and archive pages.
England,Kent,Sevenoaks Table Tennis League,ttleagues,https://sevenoaks.ttleagues.com,Sevenoaks Table Tennis League 2022-2023,7,22,7,7,completed,18,18,completed,completed,2026-03-22T22:21:10.042Z,2026-03-22T22:26:12.197Z,Verified against the live TT Leagues competitions and divisions APIs.
England,Kent,Sittingbourne Table Tennis League,ttleagues,https://sittingbourne.ttleagues.com,SDTTA 2021/2022,4,15,4,4,completed,14,14,completed,completed,2026-03-22T22:26:12.203Z,2026-03-22T22:34:56.306Z,Verified against the live TT Leagues competitions and divisions APIs.
England,Kent,West Kent Table Tennis Association,ttleagues,https://westkent.ttleagues.com,Winter 2025,3,12,3,3,completed,11,11,completed,completed,2026-03-22T22:34:56.309Z,2026-03-22T22:41:13.013Z,Verified against the live TT Leagues competitions and divisions APIs.
England,Lancashire,Blackpool Table Tennis League,ttleagues,https://blackpool.ttleagues.com,Winter League 2025-26,3,14,3,3,completed,12,12,completed,completed,2026-03-22T22:41:13.015Z,2026-03-22T22:57:17.199Z,Verified against the live TT Leagues competitions and divisions APIs.
England,Lancashire,Bolton Table Tennis League,ttleagues,https://bolton.ttleagues.com,Bolton League 2025/26,4,12,4,4,completed,20,20,completed,completed,2026-03-22T22:57:17.201Z,2026-03-22T23:18:15.567Z,Verified against the live TT Leagues competitions and divisions APIs.
England,Lancashire,Bury Table Tennis League,tt365,https://www.tabletennis365.com/bury,Winter League 2025-26,3,7,3,3,completed,21,21,completed,completed,2026-03-22T23:18:15.571Z,2026-03-22T23:46:29.959Z,Verified against the live TT365 tables and archive pages.
England,Lancashire,Lancaster and Morecambe Table Tennis League,tt365,https://www.tabletennis365.com/lancaster,Winter 2025-26,2,7,2,2,completed,12,12,completed,completed,2026-03-22T23:46:29.962Z,2026-03-22T23:57:18.809Z,Verified against the live TT365 tables and archive pages.
England,Lancashire,Liverpool Table Tennis League,ttleagues,https://liverpool.ttleagues.com,LIVERPOOLWINTER LEAGUE 2025-26,5,15,5,5,completed,13,13,completed,completed,2026-03-22T23:57:18.811Z,2026-03-23T00:06:08.024Z,Verified against the live TT Leagues competitions and divisions APIs.
England,Lancashire,Lytham St Annes Table Tennis League,ttleagues,https://lythamstannes.ttleagues.com,Lytham Winter League 2025-26,1,11,1,1,completed,5,5,completed,completed,2026-03-23T00:06:08.026Z,2026-03-23T00:11:14.553Z,Verified against the live TT Leagues competitions and divisions APIs.
England,Lancashire,Manchester Table Tennis League,ttleagues,https://manchester.ttleagues.com,Manchester Winter League 2025-2026,2,9,2,2,completed,10,10,completed,completed,2026-03-23T00:11:14.555Z,2026-03-23T00:16:30.596Z,Verified against the live TT Leagues competitions and divisions APIs.
England,Lancashire,Oldham Table Tennis League,tt365,https://www.tabletennis365.com/Oldham,Winter 2025-2026,3,7,3,3,completed,22,22,completed,completed,2026-03-23T00:16:30.598Z,2026-03-23T00:46:38.204Z,Verified against the live TT365 tables and archive pages.
England,Lancashire,Preston Table Tennis League,ttleagues,https://preston.ttleagues.com,Winter League 2025-26,3,27,3,3,completed,11,11,completed,completed,2026-03-23T00:46:38.211Z,2026-03-23T00:51:55.665Z,Verified against the live TT Leagues competitions and divisions APIs.
England,Lancashire,Southport Table Tennis League,ttleagues,https://southport.ttleagues.com,WINTER 2021-22,4,10,4,4,completed,15,15,completed,completed,2026-03-23T00:51:55.667Z,2026-03-23T01:05:46.992Z,Verified against the live TT Leagues competitions and divisions APIs.
England,Lancashire,Warrington Table Tennis League,ttleagues,https://warrington.ttleagues.com,2ND HALF 2019-20,3,12,3,3,completed,10,10,completed,completed,2026-03-23T01:05:46.995Z,2026-03-23T01:12:57.363Z,Verified against the live TT Leagues competitions and divisions APIs.
England,Leicestershire,Hinckley Table Tennis League,ttleagues,https://hinckley.ttleagues.com,Mini League 25-26,4,18,4,4,completed,14,14,completed,completed,2026-03-23T01:12:57.365Z,2026-03-23T01:17:26.657Z,Verified against the live TT Leagues competitions and divisions APIs.
England,Leicestershire,Leicester Table Tennis League,ttleagues,https://leicester.ttleagues.com,Leicester and District Table Tennis League 2025-26,5,12,5,5,completed,21,21,completed,completed,2026-03-23T01:17:26.658Z,2026-03-23T01:39:38.071Z,Verified against the live TT Leagues competitions and divisions APIs.
England,Leicestershire,Loughborough Table Tennis League,ttleagues,https://loughborough.ttleagues.com,Loughborough 2025-2026,4,11,4,4,completed,20,20,completed,completed,2026-03-23T01:39:38.073Z,2026-03-23T01:53:32.070Z,Verified against the live TT Leagues competitions and divisions APIs.
England,Lincolnshire,Boston Table Tennis League,ttleagues,https://boston.ttleagues.com,Boston & District Table-Tennis League 2025/2026,2,8,2,2,completed,8,8,completed,completed,2026-03-23T01:53:32.075Z,2026-03-23T02:02:44.988Z,Verified against the live TT Leagues competitions and divisions APIs.
England,Lincolnshire,Gainsborough Table Tennis League,tt365,https://www.tabletennis365.com/gainsborough,Winter 2019-20,1,7,1,1,completed,7,7,completed,completed,2026-03-23T02:02:44.991Z,2026-03-23T02:09:25.844Z,Verified against the live TT365 tables and archive pages.
England,Lincolnshire,Grantham Table Tennis League,ttleagues,https://grantham.ttleagues.com,G&DTTL 2022,3,25,3,3,completed,9,9,completed,completed,2026-03-23T02:09:25.850Z,2026-03-23T02:20:03.632Z,Verified against the live TT Leagues competitions and divisions APIs.
England,Lincolnshire,Grimsby and Cleethorpes Table Tennis League,ttleagues,https://grimsbyandcleethorpes.ttleagues.com,2024-25,4,8,4,4,completed,20,20,completed,completed,2026-03-23T02:20:03.634Z,2026-03-23T02:29:41.353Z,Verified against the live TT Leagues competitions and divisions APIs.
England,Lincolnshire,Lincoln Table Tennis League,ttleagues,https://lincoln.ttleagues.com,DIVISION THREE 25/26,1,11,1,1,completed,5,5,completed,completed,2026-03-23T02:29:41.365Z,2026-03-23T02:33:51.461Z,Verified against the live TT Leagues competitions and divisions APIs.
England,Lincolnshire,Spalding Table Tennis League,ttleagues,https://spalding.ttleagues.com,Winter 2019/20,1,1,1,1,completed,0,0,not_required,completed,2026-03-23T02:33:51.463Z,2026-03-23T02:33:51.578Z,Verified against the live TT Leagues competitions and divisions APIs.
England,Lincolnshire,Stamford and Rutland Table Tennis League,ttleagues,https://stamfordandrutland.ttleagues.com,2025/26 League,3,19,3,3,completed,11,11,completed,completed,2026-03-23T02:33:51.580Z,2026-03-23T02:37:22.518Z,Verified against the live TT Leagues competitions and divisions APIs.
England,London and Middlesex,Central London Table Tennis League,ttleagues,https://centrallondon.ttleagues.com,CLTTL 19-20,7,1,7,7,completed,0,0,not_required,completed,2026-03-23T02:37:22.519Z,2026-03-23T02:44:43.906Z,Verified against the live TT Leagues competitions and divisions APIs.
England,London and Middlesex,London Banks and Civil Service Table Tennis League,tt365,https://www.tabletennis365.com/LondonBanksAndCivilService,Winter Season 25-26,3,8,3,3,completed,17,17,completed,completed,2026-03-23T02:44:43.909Z,2026-03-23T03:05:21.647Z,Verified against the live TT365 tables and archive pages.
England,London and Middlesex,North Middlesex Table Tennis League,tt365,https://www.tabletennis365.com/northmiddlesex,Winter 2025-2026,3,7,3,3,completed,20,20,completed,completed,2026-03-23T03:05:21.650Z,2026-03-23T03:20:53.324Z,Verified against the live TT365 tables and archive pages.
England,London and Middlesex,South and West Middlesex Table Tennis League,ttleagues,https://southandwestmiddlesex.ttleagues.com,S&W MIDDX 2025/26,2,10,2,2,completed,10,10,completed,completed,2026-03-23T03:20:53.328Z,2026-03-23T03:28:29.034Z,Verified against the live TT Leagues competitions and divisions APIs.
England,London and Middlesex,Staines Table Tennis League,ttleagues,https://staines.ttleagues.com,Staines and District League 2025/26,3,10,3,3,completed,15,15,completed,completed,2026-03-23T03:28:29.036Z,2026-03-23T03:37:50.864Z,Verified against the live TT Leagues competitions and divisions APIs.
England,London and Middlesex,Wembley and Harrow Table Tennis League,tt365,https://www.tabletennis365.com/WembleyAndHarrow,Winter 2024-25,8,7,8,8,completed,25,25,completed,completed,2026-03-23T03:37:50.868Z,2026-03-23T04:25:12.993Z,Verified against the live TT365 tables and archive pages.
England,Non-County,Midland Table Tennis League,ttleagues,https://midland.ttleagues.com,Midland League 2025-26,3,6,3,3,completed,13,13,completed,completed,2026-03-23T04:25:12.998Z,2026-03-23T04:27:32.214Z,Verified against the live TT Leagues competitions and divisions APIs.
England,Norfolk,Dereham Table Tennis League,ttleagues,https://dereham.ttleagues.com,Divisional Cups 2025-26,3,11,3,3,completed,13,13,completed,completed,2026-03-23T04:27:32.215Z,2026-03-23T04:31:13.551Z,Verified against the live TT Leagues competitions and divisions APIs.
England,Norfolk,Diss Table Tennis League,tt365,https://www.tabletennis365.com/Diss,Winter 25-26,2,7,2,2,completed,12,12,completed,completed,2026-03-23T04:31:13.553Z,2026-03-23T04:45:48.874Z,Verified against the live TT365 tables and archive pages.
England,Norfolk,Fakenham & District Table Tennis League,ttleagues,https://fakenhamdistrict.ttleagues.com,Fakenham and District Table Tennis League,1,1,1,1,completed,0,0,not_required,completed,2026-03-23T04:45:48.880Z,2026-03-23T04:46:15.202Z,Verified against the live TT Leagues competitions and divisions APIs.
England,Norfolk,Great Yarmouth Table Tennis League,ttleagues,https://greatyarmouth.ttleagues.com,Great Yarmouth Doubles League 2025-26,2,8,2,2,completed,10,10,completed,completed,2026-03-23T04:46:15.203Z,2026-03-23T04:49:23.136Z,Verified against the live TT Leagues competitions and divisions APIs.
England,Norfolk,North Norfolk Table Tennis League,ttleagues,https://northnorfolk.ttleagues.com,North Norfolk Handicap 2025/26,4,10,4,4,completed,13,13,completed,completed,2026-03-23T04:49:23.137Z,2026-03-23T04:55:34.593Z,Verified against the live TT Leagues competitions and divisions APIs.
England,Norfolk,Norwich Table Tennis League,ttleagues,https://norwich.ttleagues.com,Norwich League 2025-2026 - Divisional Cups,6,49,6,6,completed,23,23,completed,completed,2026-03-23T04:55:34.595Z,2026-03-23T05:01:25.868Z,Verified against the live TT Leagues competitions and divisions APIs.
England,Norfolk,Wymondham Table Tennis League,ttleagues,https://wymondham.ttleagues.com,2025/26 Winter League,2,3,2,2,completed,1,1,completed,completed,2026-03-23T05:01:25.870Z,2026-03-23T05:03:13.437Z,Verified against the live TT Leagues competitions and divisions APIs.
England,Northamptonshire,Daventry Table Tennis League,ttleagues,https://daventry.ttleagues.com,Spring 2024,2,21,2,2,completed,6,6,completed,completed,2026-03-23T05:03:13.440Z,2026-03-23T05:06:13.020Z,Verified against the live TT Leagues competitions and divisions APIs.
England,Northamptonshire,Kettering Table Tennis League,ttleagues,https://kettering.ttleagues.com,K&DTTL 2021-2022,5,15,5,5,completed,22,22,completed,completed,2026-03-23T05:06:13.023Z,2026-03-23T05:18:15.916Z,Verified against the live TT Leagues competitions and divisions APIs.
England,Northamptonshire,Northampton Table Tennis League,ttleagues,https://northampton.ttleagues.com,NTTL Winter 2025 - 2026,3,11,3,3,completed,14,14,completed,completed,2026-03-23T05:18:15.919Z,2026-03-23T05:30:48.813Z,Verified against the live TT Leagues competitions and divisions APIs.
England,Northamptonshire,Towcester Table Tennis League,ttleagues,https://towcester.ttleagues.com,2024-25 Winter League,3,11,3,3,completed,12,12,completed,completed,2026-03-23T05:30:48.816Z,2026-03-23T05:39:04.016Z,Verified against the live TT Leagues competitions and divisions APIs.
England,Northamptonshire,Wellingborough Table Tennis League,ttleagues,https://wellingborough.ttleagues.com,2025-26 Season,2,11,2,2,completed,9,9,completed,completed,2026-03-23T05:39:04.018Z,2026-03-23T05:43:24.879Z,Verified against the live TT Leagues competitions and divisions APIs.
England,Northumberland,Northumbria Table Tennis League,ttleagues,https://northumbria.ttleagues.com,Summer League 2025,4,6,4,4,completed,10,10,completed,completed,2026-03-23T05:43:24.881Z,2026-03-23T05:51:58.311Z,Verified against the live TT Leagues competitions and divisions APIs.
England,Nottinghamshire,Mansfield Table Tennis League,ttleagues,https://mansfield.ttleagues.com,Mansfield and District Table Tennis League 25-26,2,11,2,2,completed,10,10,completed,completed,2026-03-23T05:51:58.317Z,2026-03-23T05:58:00.280Z,Verified against the live TT Leagues competitions and divisions APIs.
England,Nottinghamshire,Nottingham Table Tennis League,ttleagues,https://nottingham.ttleagues.com,Winter League 23/24,4,18,4,4,completed,12,12,completed,completed,2026-03-23T05:58:00.281Z,2026-03-23T06:12:58.521Z,Verified against the live TT Leagues competitions and divisions APIs.
England,Nottinghamshire,Retford Table Tennis League,ttleagues,https://retford.ttleagues.com,Retford League 2025/2026,1,11,1,1,completed,5,5,completed,completed,2026-03-23T06:12:58.523Z,2026-03-23T06:15:58.346Z,Verified against the live TT Leagues competitions and divisions APIs.
England,Nottinghamshire,Table Tennis Nottingham,ttleagues,https://nottingham.ttleagues.com,Winter League 23/24,4,18,4,4,completed,12,12,completed,completed,2026-03-23T06:15:58.348Z,2026-03-23T06:16:01.000Z,Verified against the live TT Leagues competitions and divisions APIs.
England,Oxfordshire,Banbury Table Tennis League,ttleagues,https://banbury.ttleagues.com,end of season competition,4,16,4,4,completed,15,15,completed,completed,2026-03-23T06:16:01.004Z,2026-03-23T06:22:51.807Z,Verified against the live TT Leagues competitions and divisions APIs.
England,Oxfordshire,Didcot Table Tennis League,ttleagues,https://didcot.ttleagues.com,Didcot Winter League 2025-26,3,7,3,3,completed,14,14,completed,completed,2026-03-23T06:22:51.810Z,2026-03-23T06:38:22.651Z,Verified against the live TT Leagues competitions and divisions APIs.
England,Oxfordshire,Oxford Table Tennis League,ttleagues,https://oxford.ttleagues.com,Oxford Winter 2025/26,3,9,3,3,completed,11,11,completed,completed,2026-03-23T06:38:22.654Z,2026-03-23T06:45:48.720Z,Verified against the live TT Leagues competitions and divisions APIs.
England,Shropshire,Oswestry Table Tennis League,ttleagues,https://oswestry.ttleagues.com,Nexa Law Oswestry & District TTL 2025-2026,2,11,2,2,completed,10,10,completed,completed,2026-03-23T06:45:48.723Z,2026-03-23T06:52:02.054Z,Verified against the live TT Leagues competitions and divisions APIs.
England,Shropshire,Shrewsbury Table Tennis League,tt365,https://www.tabletennis365.com/shrewsbury,Winter 2025-2026,3,7,3,3,completed,18,18,completed,completed,2026-03-23T06:52:02.058Z,2026-03-23T07:07:03.321Z,Verified against the live TT365 tables and archive pages.
England,Shropshire,Telford Table Tennis League,tt365,https://www.tabletennis365.com/telford,Winter 2025-2026,2,7,2,2,completed,12,12,completed,completed,2026-03-23T07:07:03.327Z,2026-03-23T07:14:37.869Z,Verified against the live TT365 tables and archive pages.
England,Somerset,Bridgwater Table Tennis League,ttleagues,https://bridgwater.ttleagues.com,Bridgwater & District Table Tennis League 2025-26,3,11,3,3,completed,15,15,completed,completed,2026-03-23T07:14:37.872Z,2026-03-23T07:29:23.409Z,Verified against the live TT Leagues competitions and divisions APIs.
England,Somerset,Mendip Table Tennis League,ttleagues,https://mendip.ttleagues.com,MTTL Winter League '25-26,3,19,3,3,completed,7,7,completed,completed,2026-03-23T07:29:23.413Z,2026-03-23T07:34:00.862Z,Verified against the live TT Leagues competitions and divisions APIs.
England,Somerset,West Somerset Table Tennis League,ttleagues,https://westsomerset.ttleagues.com,Winter League 2025/2026,2,3,2,2,completed,1,1,completed,completed,2026-03-23T07:34:00.866Z,2026-03-23T07:35:17.763Z,Verified against the live TT Leagues competitions and divisions APIs.
England,Somerset,Yeovil & District Table Tennis League,ttleagues,https://yeovildistrict.ttleagues.com,Yeovil & District TT League 2022-23,3,10,3,3,completed,12,12,completed,completed,2026-03-23T07:35:17.764Z,2026-03-23T07:44:08.934Z,Verified against the live TT Leagues competitions and divisions APIs.
England,Staffordshire,Potteries Table Tennis League,ttleagues,https://potteries.ttleagues.com,Potteries & District Winter League 2025-26,3,14,3,3,completed,11,11,completed,completed,2026-03-23T07:44:08.941Z,2026-03-23T07:52:45.637Z,Verified against the live TT Leagues competitions and divisions APIs.
England,Staffordshire,Stafford Table Tennis League,ttleagues,https://stafford.ttleagues.com,Stafford TTA 2021-22,2,13,2,2,completed,6,6,completed,completed,2026-03-23T07:52:45.639Z,2026-03-23T07:56:23.866Z,Verified against the live TT Leagues competitions and divisions APIs.
England,Staffordshire,Stone Table Tennis League,ttleagues,https://stone.ttleagues.com,STONE LEAGUE 25/26,1,11,1,1,completed,5,5,completed,completed,2026-03-23T07:56:23.869Z,2026-03-23T07:59:46.471Z,Verified against the live TT Leagues competitions and divisions APIs.
England,Staffordshire,Tamworth Table Tennis League,ttleagues,https://tamworth.ttleagues.com,Tamworth League 2025-2026,3,6,3,3,completed,15,15,completed,completed,2026-03-23T07:59:46.475Z,2026-03-23T08:13:58.081Z,Verified against the live TT Leagues competitions and divisions APIs.
England,Staffordshire,Walsall Table Tennis League,ttleagues,https://walsall.ttleagues.com,Winter 2025-26,3,2,3,3,completed,3,3,completed,completed,2026-03-23T08:13:58.083Z,2026-03-23T08:18:39.174Z,Verified against the live TT Leagues competitions and divisions APIs.
England,Staffordshire,Wolverhampton & District Table Tennis Association,tt365,https://www.tabletennis365.com/wolverhampton,League Cup 2025-2026,6,8,6,6,completed,21,21,completed,completed,2026-03-23T08:18:39.179Z,2026-03-23T08:39:26.099Z,Verified against the live TT365 tables and archive pages.
England,Suffolk,Bury St Edmunds Table Tennis League,ttleagues,https://burystedmunds.ttleagues.com,2025-26 Season,3,9,3,3,completed,15,15,completed,completed,2026-03-23T08:39:26.102Z,2026-03-23T08:50:06.595Z,Verified against the live TT Leagues competitions and divisions APIs.
England,Suffolk,Suffolk and Cambs Junior Table Tennis League,ttleagues,https://suffolkandcambsjunior.ttleagues.com,SCBJTTL 2019-20,2,1,2,2,completed,0,0,not_required,completed,2026-03-23T08:50:06.598Z,2026-03-23T08:50:27.450Z,Verified against the live TT Leagues competitions and divisions APIs.
England,Surrey,Croydon Table Tennis League,tt365,https://www.tabletennis365.com/croydon,Croydon Winter League 2025-2026,3,7,3,3,completed,24,24,completed,completed,2026-03-23T08:50:27.454Z,2026-03-23T14:05:19.043Z,Verified against the live TT365 tables and archive pages.
England,Surrey,Guildford Table Tennis League,ttleagues,https://guildford.ttleagues.com,Season 2025/2026,5,11,5,5,completed,25,25,completed,completed,2026-03-23T14:05:19.050Z,2026-03-23T14:22:53.079Z,Verified against the live TT Leagues competitions and divisions APIs.
England,Surrey,Haslemere Table Tennis League,ttleagues,https://haslemere.ttleagues.com,23/24 WINTER LEAGUE,3,11,3,3,completed,9,9,completed,completed,2026-03-23T14:22:53.081Z,2026-03-23T14:28:10.594Z,Verified against the live TT Leagues competitions and divisions APIs.
England,Surrey,Reigate and Redhill Table Tennis League,ttleagues,https://reigateandredhill.ttleagues.com,Reigate and Redhill 2019-20,4,13,4,4,completed,18,18,completed,completed,2026-03-23T14:28:10.597Z,2026-03-23T14:39:36.269Z,Verified against the live TT Leagues competitions and divisions APIs.
England,Surrey,Thames Valley Table Tennis League,ttleagues,https://thamesvalley.ttleagues.com,2025-26 Season,3,10,3,3,completed,15,15,completed,completed,2026-03-23T14:39:36.273Z,2026-03-23T14:51:21.424Z,Verified against the live TT Leagues competitions and divisions APIs.
England,Surrey,Wandsworth & District Table Tennis League,ttleagues,https://wandsworthdistrict.ttleagues.com,IMS 2023/24,4,28,4,4,completed,6,6,completed,completed,2026-03-23T14:51:21.426Z,2026-03-23T14:53:16.528Z,Verified against the live TT Leagues competitions and divisions APIs.
England,Sussex,Brighton Table Tennis League,ttleagues,https://brighton.ttleagues.com,Brighton League Season 2019/2020,4,21,4,4,completed,14,14,completed,completed,2026-03-23T14:53:16.530Z,2026-03-23T15:05:13.776Z,Verified against the live TT Leagues competitions and divisions APIs.
England,Sussex,Crawley and Horsham Table Tennis League,ttleagues,https://crawleyandhorsham.ttleagues.com,Crawley & Horsham Winter League 2025/26,3,12,3,3,completed,15,15,completed,completed,2026-03-23T15:05:13.779Z,2026-03-23T15:21:36.476Z,Verified against the live TT Leagues competitions and divisions APIs.
England,Sussex,East Grinstead Table Tennis League,ttleagues,https://eastgrinstead.ttleagues.com,EG&DTTL Winter 2025-26,2,12,2,2,completed,8,8,completed,completed,2026-03-23T15:21:36.478Z,2026-03-23T15:27:41.121Z,Verified against the live TT Leagues competitions and divisions APIs.
England,Sussex,Eastbourne Table Tennis League,ttleagues,https://eastbourne.ttleagues.com,Eastbourne TTL 2025-26 Season,3,10,3,3,completed,14,14,completed,completed,2026-03-23T15:27:41.123Z,2026-03-23T15:39:57.298Z,Verified against the live TT Leagues competitions and divisions APIs.
England,Sussex,Hastings Table Tennis League,tt365,https://www.tabletennis365.com/hastings,Senior 2025-26,4,8,4,4,completed,15,15,completed,completed,2026-03-23T15:39:57.300Z,2026-03-23T15:56:20.041Z,Verified against the live TT365 tables and archive pages.
England,Sussex,Haywards Heath Table Tennis League,tt365,https://www.tabletennis365.com/HaywardsHeath,Winter 2021-22,2,7,2,2,completed,17,17,completed,completed,2026-03-23T15:56:20.043Z,2026-03-23T16:10:57.112Z,Verified against the live TT365 tables and archive pages.
England,Sussex,Worthing Table Tennis League,ttleagues,https://worthing.ttleagues.com,Worthing Winter League 2025-2026,4,7,4,4,completed,15,15,completed,completed,2026-03-23T16:10:57.115Z,2026-03-23T16:21:52.850Z,Verified against the live TT Leagues competitions and divisions APIs.
England,Warwickshire,Birmingham Solihull & District Table Tennis Association,ttleagues,https://birminghamdistrict.ttleagues.com,Winter League 2021-22,5,18,5,5,completed,24,24,completed,completed,2026-03-23T16:21:52.852Z,2026-03-23T16:36:59.991Z,Verified against the live TT Leagues competitions and divisions APIs.
England,Warwickshire,Coventry Table Tennis League,ttleagues,https://coventry.ttleagues.com,Winter 25/26,6,23,6,6,completed,19,19,completed,completed,2026-03-23T16:36:59.996Z,2026-03-23T16:42:40.331Z,Verified against the live TT Leagues competitions and divisions APIs.
England,Warwickshire,Leamington Table Tennis League,ttleagues,https://leamington.ttleagues.com,Leamington Interim 2 a side League - Autumn 2020,6,32,6,6,completed,22,22,completed,completed,2026-03-23T16:42:40.333Z,2026-03-23T16:52:27.341Z,Verified against the live TT Leagues competitions and divisions APIs.
England,Warwickshire,Nuneaton Table Tennis League,ttleagues,https://nuneaton.ttleagues.com,Nuneaton Winter League 2025/26,3,10,3,3,completed,15,15,completed,completed,2026-03-23T16:52:27.344Z,2026-03-23T17:00:36.788Z,Verified against the live TT Leagues competitions and divisions APIs.
England,Wiltshire,Devizes Table Tennis League,ttleagues,https://devizes.ttleagues.com,2025-2026,3,14,3,3,completed,10,10,completed,completed,2026-03-23T17:00:36.790Z,2026-03-23T17:08:19.904Z,Verified against the live TT Leagues competitions and divisions APIs.
England,Wiltshire,Swindon Table Tennis League,ttleagues,https://swindon.ttleagues.com,Pickett Handicap 2024-25: Round 1 Groups,3,19,3,3,completed,9,9,completed,completed,2026-03-23T17:08:19.907Z,2026-03-23T17:13:27.351Z,Verified against the live TT Leagues competitions and divisions APIs.
England,Wiltshire,West Wilts Table Tennis League,ttleagues,https://westwilts.ttleagues.com,Winter 2023/24,4,12,4,4,completed,15,15,completed,completed,2026-03-23T17:13:27.354Z,2026-03-23T17:26:08.169Z,Verified against the live TT Leagues competitions and divisions APIs.
England,Worcestershire,Bromsgrove Redditch & District Table Tennis League,ttleagues,https://bromsgroveredditchdistrict.ttleagues.com,2025/2026 Winter League,3,9,3,3,completed,12,12,completed,completed,2026-03-23T17:26:08.172Z,2026-03-23T17:32:58.618Z,Verified against the live TT Leagues competitions and divisions APIs.
England,Worcestershire,Dudley Table Tennis League,ttleagues,https://dudley.ttleagues.com,Winter 2025-26,2,7,2,2,completed,6,6,completed,completed,2026-03-23T17:32:58.621Z,2026-03-23T17:35:20.101Z,Verified against the live TT Leagues competitions and divisions APIs.
England,Worcestershire,Evesham Table Tennis League,ttleagues,https://evesham.ttleagues.com,Evesham 2025-26,2,13,2,2,completed,10,10,completed,completed,2026-03-23T17:35:20.104Z,2026-03-23T17:42:35.438Z,Verified against the live TT Leagues competitions and divisions APIs.
England,Worcestershire,Kidderminster & District Table Tennis League,tt365,https://www.tabletennis365.com/kidderminster,Winter 2025-26,3,7,3,3,completed,17,17,completed,completed,2026-03-23T17:42:35.441Z,2026-03-23T18:05:26.324Z,Verified against the live TT365 tables and archive pages.
England,Worcestershire,Malvern Table Tennis League,ttleagues,https://malvern.ttleagues.com,Malvern 2021 - 22,3,11,3,3,completed,11,11,completed,completed,2026-03-23T18:05:26.326Z,2026-03-23T18:15:40.736Z,Verified against the live TT Leagues competitions and divisions APIs.
England,Worcestershire,Worcester Table Tennis League,ttleagues,https://worcester.ttleagues.com,League 2025/26,4,12,4,4,completed,12,12,completed,completed,2026-03-23T18:15:40.738Z,2026-03-23T18:24:28.525Z,Verified against the live TT Leagues competitions and divisions APIs.
England,Yorkshire,Barnsley Table Tennis League,ttleagues,https://barnsley.ttleagues.com,Barnsley Winter League 2025/26,1,9,1,1,completed,5,5,completed,completed,2026-03-23T18:24:28.527Z,2026-03-23T18:28:05.737Z,Verified against the live TT Leagues competitions and divisions APIs.
England,Yorkshire,Bradford Table Tennis League,ttleagues,https://bradford.ttleagues.com,winter 24/25,4,16,4,4,completed,13,13,completed,completed,2026-03-23T18:28:05.738Z,2026-03-23T18:39:09.376Z,Verified against the live TT Leagues competitions and divisions APIs.
England,Yorkshire,Castleford and Pontefract Table Tennis League,ttleagues,https://castlefordandpontefract.ttleagues.com,Winter 25-26,2,6,2,2,completed,10,10,completed,completed,2026-03-23T18:39:09.378Z,2026-03-23T18:45:19.100Z,Verified against the live TT Leagues competitions and divisions APIs.
England,Yorkshire,Dewsbury Table Tennis League,ttleagues,https://dewsbury.ttleagues.com,Dewsbury Table Tennis League,2,1,2,2,completed,0,0,not_required,completed,2026-03-23T18:45:19.105Z,2026-03-23T18:45:35.652Z,Verified against the live TT Leagues competitions and divisions APIs.
England,Yorkshire,Doncaster Table Tennis League,ttleagues,https://doncaster.ttleagues.com,Doncaster 2025-2026,1,11,1,1,completed,5,5,completed,completed,2026-03-23T18:45:35.654Z,2026-03-23T18:48:04.452Z,Verified against the live TT Leagues competitions and divisions APIs.
England,Yorkshire,Halifax Table Tennis League,tt365,https://www.tabletennis365.com/halifax,Winter League 25-26,3,7,3,3,completed,25,25,completed,completed,2026-03-23T18:48:04.454Z,2026-03-23T19:16:04.093Z,Verified against the live TT365 tables and archive pages.
England,Yorkshire,Harrogate Table Tennis League,tt365,https://www.tabletennis365.com/harrogate,Winter 2025-26,5,7,5,5,completed,25,25,completed,completed,2026-03-23T19:16:04.096Z,2026-03-23T22:47:49.088Z,Verified against the live TT365 tables and archive pages.
England,Yorkshire,Hull Table Tennis League,tt365,https://www.tabletennis365.com/hull,2025-26,4,7,4,4,completed,24,24,completed,completed,2026-03-23T22:47:49.093Z,2026-03-26T20:35:55.636Z,Verified against the live TT365 tables and archive pages.
England,Yorkshire,Keighley Table Tennis League,ttleagues,https://keighley.ttleagues.com,Winter League 2025/2026,3,2,3,3,completed,4,4,completed,completed,2026-03-26T20:35:55.638Z,2026-03-26T20:40:38.626Z,Verified against the live TT Leagues competitions and divisions APIs.
England,Yorkshire,Leeds Table Tennis League,ttleagues,https://leeds.ttleagues.com,Divisional Knock Out Competition 2025/2026 ,7,12,7,7,completed,32,32,completed,completed,2026-03-26T20:40:38.628Z,2026-03-26T20:58:52.610Z,Verified against the live TT Leagues competitions and divisions APIs.
England,Yorkshire,Rotherham Table Tennis League,tt365,https://tabletennis365.com/rotherham,Winter 2025-26,3,7,3,3,completed,17,17,completed,completed,2026-03-26T20:58:52.612Z,2026-03-26T21:19:42.272Z,Verified against the live TT365 tables and archive pages.
England,Yorkshire,Scarborough Table Tennis League,ttleagues,https://scarborough.ttleagues.com,2025/26,3,9,3,3,completed,14,14,completed,completed,2026-03-26T21:19:42.277Z,2026-03-26T21:27:01.564Z,Verified against the live TT Leagues competitions and divisions APIs.
England,Yorkshire,Selby Table Tennis League,ttleagues,https://selby.ttleagues.com,Selby Table Tennis League 25/26,2,14,2,2,completed,8,8,completed,completed,2026-03-26T21:27:01.565Z,2026-03-26T21:31:11.684Z,Verified against the live TT Leagues competitions and divisions APIs.
England,Yorkshire,Wakefield Table Tennis League,ttleagues,https://wakefield.ttleagues.com,Division 1 2020,2,2,2,2,completed,1,1,completed,completed,2026-03-26T21:31:11.685Z,2026-03-26T21:32:10.079Z,Verified against the live TT Leagues competitions and divisions APIs.
England,Yorkshire,York Table Tennis League,ttleagues,https://york.ttleagues.com,Winter 2024-25,5,14,5,5,completed,19,19,completed,completed,2026-03-26T21:32:10.080Z,2026-03-26T21:48:15.255Z,Verified against the live TT Leagues competitions and divisions APIs.
Scotland,Dumfries and Galloway,Dumfries Table Tennis League,tt365,https://www.tabletennis365.com/Dumfries,Winter 2024-25,2,7,2,2,completed,13,13,completed,completed,2026-03-26T21:48:15.257Z,2026-03-26T21:55:20.864Z,Verified against the live TT365 tables and archive pages.
Scotland,Perth and Kinross,Perth Table Tennis Association,tt365,https://www.tabletennis365.com/Perth,Perth 2025 - 26,2,7,2,2,completed,12,12,completed,completed,2026-03-26T21:55:20.866Z,2026-03-26T22:20:08.221Z,Verified against the live TT365 tables and archive pages.
Scotland,West of Scotland,West of Scotland Table Tennis League,tt365,https://www.tabletennis365.com/WestofScotland,Senior 2024-25,5,8,5,5,completed,21,21,completed,completed,2026-03-26T22:20:08.226Z,2026-03-26T22:52:29.785Z,Verified against the live TT365 tables and archive pages.
Wales,Cardiff,Cardiff & District Table Tennis League,tt365,https://www.tabletennis365.com/Cardiff,Tiered 2025-26,3,7,3,3,completed,16,16,completed,completed,2026-03-26T22:52:29.787Z,2026-03-26T23:18:28.776Z,Verified against the live TT365 tables and archive pages.
Wales,Conwy,Llandudno Table Tennis League,tt365,https://www.tabletennis365.com/Llandudno,Llandudno 2024-25,2,7,2,2,completed,12,12,completed,completed,2026-03-26T23:18:28.789Z,2026-03-27T09:08:48.223Z,Verified against the live TT365 tables and archive pages.
Wales,Flintshire,East Flintshire League,ttleagues,https://eastflintshire.ttleagues.com,EFTTL League 25/26 Season,4,14,4,4,completed,10,10,completed,completed,2026-03-27T09:08:48.226Z,2026-03-27T09:14:05.243Z,Verified against the live TT Leagues competitions and divisions APIs.
Wales,Gwent,Gwent Table Tennis League,tt365,https://www.tabletennis365.com/GwentTTC,Winter 2025 -2026,3,7,3,3,completed,13,13,completed,completed,2026-03-27T09:14:05.245Z,2026-03-27T09:56:24.963Z,Verified against the live TT365 tables and archive pages.
Wales,Pembrokeshire,Pembrokeshire Table Tennis League,ttleagues,https://pembrokeshireleague.ttleagues.com,Pembrokeshire League 25/26 Season,3,3,3,3,completed,2,2,completed,completed,2026-03-27T09:56:24.970Z,2026-03-27T09:58:10.582Z,Verified against the live TT Leagues competitions and divisions APIs.
